index,typecode,type,count
1,071100,生活服务;美容美发店;美容美发店,112244
2,120302,商务住宅;住宅区;住宅小区,91957
3,130106,政府机构及社会团体;政府机关;乡镇以下级政府及事业单位,70464
4,070500,生活服务;物流速递;物流速递,44514
5,070000,生活服务;生活服务场所;生活服务场所,44095
6,071600,生活服务;中介机构;中介机构,35342
7,130407,政府机构及社会团体;社会团体;行业协会,34769
8,130105,政府机构及社会团体;政府机关;乡镇级政府及事业单位,31116
9,120201,商务住宅;楼宇;商务写字楼,29523
10,080306,体育休闲服务;娱乐场所;棋牌室,26538
11,130104,政府机构及社会团体;政府机关;区县级政府及事业单位,23609
12,071200,生活服务;维修站点;维修站点,23468
13,071400,生活服务;洗浴推拿场所;洗浴推拿场所,21256
14,080111,体育休闲服务;运动场馆;健身中心,20679
15,080304,体育休闲服务;娱乐场所;酒吧,20360
16,130400,政府机构及社会团体;社会团体;社会团体相关,19881
17,080308,体育休闲服务;娱乐场所;网吧,16918
18,100100,住宿服务;宾馆酒店;宾馆酒店,16849
19,120303,商务住宅;住宅区;宿舍,16824
20,130501,政府机构及社会团体;公检法机构;公安警察,16642
21,150904,交通设施服务;停车场;公共停车场,16418
22,130103,政府机构及社会团体;政府机关;地市级政府及事业单位,15119
23,130000,政府机构及社会团体;政府及社会团体相关;政府及社会团体相关,15021
24,071300,生活服务;摄影冲印店;摄影冲印,14806
25,130100,政府机构及社会团体;政府机关;政府机关相关,14605
26,120300,商务住宅;住宅区;住宅区,14061
27,071800,生活服务;彩票彩券销售点;彩票彩券销售点,14035
28,080000,体育休闲服务;体育休闲服务场所;体育休闲服务场所,13693
29,130505,政府机构及社会团体;公检法机构;公证鉴定机构,13354
30,100200,住宿服务;旅馆招待所;旅馆招待所,13185
31,130506,政府机构及社会团体;公检法机构;社会治安机构,12877
32,110200,风景名胜;风景名胜;风景名胜,12339
33,141300,科教文化服务;科研机构;科研机构,10742
34,130102,政府机构及社会团体;政府机关;省直辖市级政府及事业单位,9810
35,080501,体育休闲服务;休闲场所;游乐场,9490
36,080302,体育休闲服务;娱乐场所;KTV,8609
37,090202,医疗保健服务;专科医院;口腔医院,8318
38,080300,体育休闲服务;娱乐场所;娱乐场所,8099
39,150909,交通设施服务;停车场;停车场出入口,7923
40,080100,体育休闲服务;运动场馆;运动场所,7741
41,080110,体育休闲服务;运动场馆;游泳馆,7657
42,100105,住宿服务;宾馆酒店;经济型连锁酒店,7636
43,070701,生活服务;事务所;律师事务所,7339
44,071500,生活服务;洗衣店;洗衣店,6941
45,070100,生活服务;旅行社;旅行社,6801
46,080113,体育休闲服务;运动场馆;台球厅,6184
47,080500,体育休闲服务;休闲场所;休闲场所,6068
48,100104,住宿服务;宾馆酒店;三星级宾馆,5761
49,130408,政府机构及社会团体;社会团体;慈善机构,4693
50,150906,交通设施服务;停车场;路边停车场,4592
51,080601,体育休闲服务;影剧院;电影院,4524
52,110000,风景名胜;风景名胜相关;旅游景点,4513
53,130403,政府机构及社会团体;社会团体;妇联,4420
54,130404,政府机构及社会团体;社会团体;残联,4418
55,070603,生活服务;电讯营业厅;中国移动营业厅,4412
56,110101,风景名胜;公园广场;公园,4238
57,080402,体育休闲服务;度假疗养场所;疗养院,4231
58,110105,风景名胜;公园广场;城市广场,4187
59,130500,政府机构及社会团体;公检法机构;公检法机关,4095
60,130701,政府机构及社会团体;工商税务机构;工商部门,3935
61,100103,住宿服务;宾馆酒店;四星级宾馆,3795
62,141203,科教文化服务;学校;小学,3676
63,070601,生活服务;电讯营业厅;中国电信营业厅,3671
64,110205,风景名胜;风景名胜;寺庙道观,3524
65,080305,体育休闲服务;娱乐场所;游戏厅,3482
66,080118,体育休闲服务;运动场馆;羽毛球场,3418
67,100201,住宿服务;旅馆招待所;青年旅舍,3285
68,150905,交通设施服务;停车场;专用停车场,3223
69,070604,生活服务;电讯营业厅;中国联通营业厅,3184
70,090102,医疗保健服务;综合医院;卫生院,3085
71,130601,政府机构及社会团体;交通车辆管理;交通管理机构,3081
72,080104,体育休闲服务;运动场馆;篮球场馆,3016
73,080101,体育休闲服务;运动场馆;综合体育馆,2941
74,130703,政府机构及社会团体;工商税务机构;地税机关,2874
75,130107,政府机构及社会团体;政府机关;外地政府办,2870
76,120304,商务住宅;住宅区;社区中心,2865
77,150907,交通设施服务;停车场;停车场入口,2718
78,090201,医疗保健服务;专科医院;整形美容,2653
79,130201,政府机构及社会团体;外国机构;外国使领馆,2548
80,130702,政府机构及社会团体;工商税务机构;国税机关,2532
81,070301,生活服务;售票处;飞机票代售点,2529
82,150908,交通设施服务;停车场;停车场出口,2487
83,090100,医疗保健服务;综合医院;综合医院,2483
84,150700,交通设施服务;公交车站;公交车站相关,2469
85,070702,生活服务;事务所;会计师事务所,2396
86,130504,政府机构及社会团体;公检法机构;消防机关,2371
87,080119,体育休闲服务;运动场馆;跆拳道场馆,2325
88,080105,体育休闲服务;运动场馆;足球场,2249
89,070800,生活服务;人才市场;人才市场,2143
90,110204,风景名胜;风景名胜;纪念馆,2038
91,130406,政府机构及社会团体;社会团体;消费者协会,2030
92,141202,科教文化服务;学校;中学,1966
93,130502,政府机构及社会团体;公检法机构;检察院,1962
94,090101,医疗保健服务;综合医院;三级甲等医院,1950
95,070300,生活服务;售票处;售票处,1874
96,100102,住宿服务;宾馆酒店;五星级宾馆,1745
97,070401,生活服务;邮局;邮政速递,1605
98,072001,生活服务;婴儿服务场所;婴儿游泳馆,1570
99,080603,体育休闲服务;影剧院;剧场,1547
100,080103,体育休闲服务;运动场馆;网球场,1447
101,070400,生活服务;邮局;邮局,1340
102,080112,体育休闲服务;运动场馆;乒乓球馆,1325
103,090200,医疗保健服务;专科医院;专科医院,1267
104,080301,体育休闲服务;娱乐场所;夜总会,1175
105,110102,风景名胜;公园广场;动物园,1161
106,070700,生活服务;事务所;事务所,1132
107,130700,政府机构及社会团体;工商税务机构;工商税务机构,1122
108,110206,风景名胜;风景名胜;教堂,1085
109,130503,政府机构及社会团体;公检法机构;法院,1070
110,070703,生活服务;事务所;评估事务所,1008
111,130401,政府机构及社会团体;社会团体;共青团,893
112,150900,交通设施服务;停车场;停车场相关,834
113,130300,政府机构及社会团体;民主党派;民主党派,789
114,070706,生活服务;事务所;专利事务所,779
115,090202|090300,医疗保健服务;专科医院;口腔医院|医疗保健服务;诊所;诊所,759
116,130603,政府机构及社会团体;交通车辆管理;验车场,727
117,070600,生活服务;电讯营业厅;电讯营业厅,713
118,090203,医疗保健服务;专科医院;眼科医院,697
119,150904|150906,交通设施服务;停车场;公共停车场|交通设施服务;停车场;路边停车场,670
120,070302,生活服务;售票处;火车票代售点,634
121,070306,生活服务;售票处;公园景点售票处,619
122,130405,政府机构及社会团体;社会团体;红十字会,572
123,150501,交通设施服务;地铁站;出入口,538
124,090206,医疗保健服务;专科医院;骨科医院,533
125,120302|120201,商务住宅;住宅区;住宅小区|商务住宅;楼宇;商务写字楼,520
126,130200,政府机构及社会团体;外国机构;外国机构相关,500
127,080502,体育休闲服务;休闲场所;垂钓园,498
128,070501,生活服务;物流速递;物流仓储场地,480
129,110100,风景名胜;公园广场;公园广场,467
130,090209,医疗保健服务;专科医院;妇科医院,465
131,070601|060305,生活服务;电讯营业厅;中国电信营业厅|购物服务;家电电子卖场;手机销售,454
132,070303,生活服务;售票处;长途汽车票代售点,425
133,130602,政府机构及社会团体;交通车辆管理;车辆管理机构,415
134,071000,生活服务;电力营业厅;电力营业厅,390
135,071700,生活服务;搬家公司;搬家公司,385
136,130600,政府机构及社会团体;交通车辆管理;交通车辆管理相关,375
137,071900,生活服务;丧葬设施;丧葬设施,372
138,070302|070301,生活服务;售票处;火车票代售点|生活服务;售票处;飞机票代售点,369
139,120301,商务住宅;住宅区;别墅,326
140,071901,生活服务;丧葬设施;陵园,323
141,130101,政府机构及社会团体;政府机关;国家级机关及事业单位,322
142,100100|100200,住宿服务;宾馆酒店;宾馆酒店|住宿服务;旅馆招待所;旅馆招待所,319
143,080401,体育休闲服务;度假疗养场所;度假村,317
144,080108,体育休闲服务;运动场馆;户外健身场所,303
145,090207,医疗保健服务;专科医院;肿瘤医院,296
146,080107,体育休闲服务;运动场馆;溜冰场,294
147,080303,体育休闲服务;娱乐场所;迪厅,290
148,061200|070000,购物服务;专卖店;专营店|生活服务;生活服务场所;生活服务场所,286
149,070201,生活服务;信息咨询中心;服务中心,285
150,150000,交通设施服务;交通服务相关;交通服务相关,270
151,100000|120302,住宿服务;住宿服务相关;住宿服务相关|商务住宅;住宅区;住宅小区,266
152,130409,政府机构及社会团体;社会团体;教会,254
153,110104,风景名胜;公园广场;水族馆,251
154,080505,体育休闲服务;休闲场所;水上活动中心,249
155,070603|060305,生活服务;电讯营业厅;中国移动营业厅|购物服务;家电电子卖场;手机销售,245
156,070605,生活服务;电讯营业厅;中国铁通营业厅,244
157,120302|100200,商务住宅;住宅区;住宅小区|住宿服务;旅馆招待所;旅馆招待所,242
158,090211,医疗保健服务;专科医院;传染病医院,238
159,130105|070000,政府机构及社会团体;政府机关;乡镇级政府及事业单位|生活服务;生活服务场所;生活服务场所,236
160,080602,体育休闲服务;影剧院;音乐厅,221
161,130105|130106,政府机构及社会团体;政府机关;乡镇级政府及事业单位|政府机构及社会团体;政府机关;乡镇以下级政府及事业单位,216
162,120201|120302,商务住宅;楼宇;商务写字楼|商务住宅;住宅区;住宅小区,211
163,060306|071200,购物服务;家电电子卖场;数码电子|生活服务;维修站点;维修站点,196
164,130402,政府机构及社会团体;社会团体;少先队,190
165,060305|070601,购物服务;家电电子卖场;手机销售|生活服务;电讯营业厅;中国电信营业厅,189
166,080202,体育休闲服务;高尔夫相关;高尔夫练习场,187
167,150500,交通设施服务;地铁站;地铁站,186
168,110103,风景名胜;公园广场;植物园,182
169,130100|170000,政府机构及社会团体;政府机关;政府机关相关|公司企业;公司企业;公司企业,179
170,090205,医疗保健服务;专科医院;胸科医院,172
171,070200,生活服务;信息咨询中心;信息咨询中心,172
172,080504,体育休闲服务;休闲场所;露营地,170
173,120203|120302,商务住宅;楼宇;商住两用楼宇|商务住宅;住宅区;住宅小区,168
174,100200|100100,住宿服务;旅馆招待所;旅馆招待所|住宿服务;宾馆酒店;宾馆酒店,168
175,110207,风景名胜;风景名胜;回教寺,160
176,120203|120201,商务住宅;楼宇;商住两用楼宇|商务住宅;楼宇;商务写字楼,158
177,150906|150904,交通设施服务;停车场;路边停车场|交通设施服务;停车场;公共停车场,155
178,080200,体育休闲服务;高尔夫相关;高尔夫相关,152
179,080501|080305,体育休闲服务;休闲场所;游乐场|体育休闲服务;娱乐场所;游戏厅,150
180,060305|070603,购物服务;家电电子卖场;手机销售|生活服务;电讯营业厅;中国移动营业厅,148
181,080306|071400,体育休闲服务;娱乐场所;棋牌室|生活服务;洗浴推拿场所;洗浴推拿场所,147
182,090204,医疗保健服务;专科医院;耳鼻喉医院,146
183,130505|141300,政府机构及社会团体;公检法机构;公证鉴定机构|科教文化服务;科研机构;科研机构,137
184,130505|170200,政府机构及社会团体;公检法机构;公证鉴定机构|公司企业;公司;公司,133
185,080304|050100,体育休闲服务;娱乐场所;酒吧|餐饮服务;中餐厅;中餐厅,128
186,080113|080306,体育休闲服务;运动场馆;台球厅|体育休闲服务;娱乐场所;棋牌室,125
187,130501|130506,政府机构及社会团体;公检法机构;公安警察|政府机构及社会团体;公检法机构;社会治安机构,120
188,061100|071100,购物服务;服装鞋帽皮具店;服装鞋帽皮具店|生活服务;美容美发店;美容美发店,120
189,130106|130400,政府机构及社会团体;政府机关;乡镇以下级政府及事业单位|政府机构及社会团体;社会团体;社会团体相关,119
190,060305|071200,购物服务;家电电子卖场;手机销售|生活服务;维修站点;维修站点,119
191,150202,交通设施服务;火车站;进站口/检票口,117
192,080402|070000,体育休闲服务;度假疗养场所;疗养院|生活服务;生活服务场所;生活服务场所,115
193,080111|071100,体育休闲服务;运动场馆;健身中心|生活服务;美容美发店;美容美发店,112
194,170201|070000,公司企业;公司;广告装饰|生活服务;生活服务场所;生活服务场所,112
195,120302|120203,商务住宅;住宅区;住宅小区|商务住宅;楼宇;商住两用楼宇,109
196,071100|071400,生活服务;美容美发店;美容美发店|生活服务;洗浴推拿场所;洗浴推拿场所,109
197,090203|090101,医疗保健服务;专科医院;眼科医院|医疗保健服务;综合医院;三级甲等医院,109
198,080302|080304,体育休闲服务;娱乐场所;KTV|体育休闲服务;娱乐场所;酒吧,108
199,100105|100200,住宿服务;宾馆酒店;经济型连锁酒店|住宿服务;旅馆招待所;旅馆招待所,108
200,080503,体育休闲服务;休闲场所;采摘园,105
201,130106|070000,政府机构及社会团体;政府机关;乡镇以下级政府及事业单位|生活服务;生活服务场所;生活服务场所,104
202,130105|130400,政府机构及社会团体;政府机关;乡镇级政府及事业单位|政府机构及社会团体;社会团体;社会团体相关,103
203,071400|071100,生活服务;洗浴推拿场所;洗浴推拿场所|生活服务;美容美发店;美容美发店,102
204,071902,生活服务;丧葬设施;公墓,101
205,130106|130403,政府机构及社会团体;政府机关;乡镇以下级政府及事业单位|政府机构及社会团体;社会团体;妇联,101
206,130103|130104,政府机构及社会团体;政府机关;地市级政府及事业单位|政府机构及社会团体;政府机关;区县级政府及事业单位,100
207,130106|130105,政府机构及社会团体;政府机关;乡镇以下级政府及事业单位|政府机构及社会团体;政府机关;乡镇级政府及事业单位,97
208,071100|060000,生活服务;美容美发店;美容美发店|购物服务;购物相关场所;购物相关场所,95
209,080600,体育休闲服务;影剧院;影剧院相关,94
210,130604,政府机构及社会团体;交通车辆管理;交通执法站,92
211,170200|070000,公司企业;公司;公司|生活服务;生活服务场所;生活服务场所,92
212,080111|071400,体育休闲服务;运动场馆;健身中心|生活服务;洗浴推拿场所;洗浴推拿场所,92
213,070601|170208,生活服务;电讯营业厅;中国电信营业厅|公司企业;公司;电信公司,91
214,070301|070302,生活服务;售票处;飞机票代售点|生活服务;售票处;火车票代售点,90
215,090208,医疗保健服务;专科医院;脑科医院,90
216,080114,体育休闲服务;运动场馆;壁球场,90
217,070604|060305,生活服务;电讯营业厅;中国联通营业厅|购物服务;家电电子卖场;手机销售,89
218,130102|130701,政府机构及社会团体;政府机关;省直辖市级政府及事业单位|政府机构及社会团体;工商税务机构;工商部门,89
219,100103|100105,住宿服务;宾馆酒店;四星级宾馆|住宿服务;宾馆酒店;经济型连锁酒店,87
220,130104|130105,政府机构及社会团体;政府机关;区县级政府及事业单位|政府机构及社会团体;政府机关;乡镇级政府及事业单位,87
221,120302|100100,商务住宅;住宅区;住宅小区|住宿服务;宾馆酒店;宾馆酒店,86
222,071400|080000,生活服务;洗浴推拿场所;洗浴推拿场所|体育休闲服务;体育休闲服务场所;体育休闲服务场所,85
223,080304|050201,体育休闲服务;娱乐场所;酒吧|餐饮服务;外国餐厅;西餐厅(综合风味),84
224,080102,体育休闲服务;运动场馆;保龄球馆,84
225,080304|050500,体育休闲服务;娱乐场所;酒吧|餐饮服务;咖啡厅;咖啡厅,84
226,100104|100102|100103,住宿服务;宾馆酒店;三星级宾馆|住宿服务;宾馆酒店;五星级宾馆|住宿服务;宾馆酒店;四星级宾馆,80
227,080302|071400,体育休闲服务;娱乐场所;KTV|生活服务;洗浴推拿场所;洗浴推拿场所,80
228,080501|080300,体育休闲服务;休闲场所;游乐场|体育休闲服务;娱乐场所;娱乐场所,80
229,080306|080500,体育休闲服务;娱乐场所;棋牌室|体育休闲服务;休闲场所;休闲场所,76
230,130104|070000,政府机构及社会团体;政府机关;区县级政府及事业单位|生活服务;生活服务场所;生活服务场所,75
231,060603|070000,购物服务;家居建材市场;建材五金市场|生活服务;生活服务场所;生活服务场所,74
232,080302|080301,体育休闲服务;娱乐场所;KTV|体育休闲服务;娱乐场所;夜总会,68
233,130407|130106,政府机构及社会团体;社会团体;行业协会|政府机构及社会团体;政府机关;乡镇以下级政府及事业单位,67
234,170208|070601,公司企业;公司;电信公司|生活服务;电讯营业厅;中国电信营业厅,65
235,130106|130104,政府机构及社会团体;政府机关;乡镇以下级政府及事业单位|政府机构及社会团体;政府机关;区县级政府及事业单位,65
236,080111|141400,体育休闲服务;运动场馆;健身中心|科教文化服务;培训机构;培训机构,64
237,120303|120302,商务住宅;住宅区;宿舍|商务住宅;住宅区;住宅小区,64
238,120201|120203,商务住宅;楼宇;商务写字楼|商务住宅;楼宇;商住两用楼宇,63
239,141201|141300,科教文化服务;学校;高等院校|科教文化服务;科研机构;科研机构,63
240,100105|100103,住宿服务;宾馆酒店;经济型连锁酒店|住宿服务;宾馆酒店;四星级宾馆,61
241,130407|141300,政府机构及社会团体;社会团体;行业协会|科教文化服务;科研机构;科研机构,61
242,080500|070000,体育休闲服务;休闲场所;休闲场所|生活服务;生活服务场所;生活服务场所,61
243,120302|170200,商务住宅;住宅区;住宅小区|公司企业;公司;公司,61
244,080201,体育休闲服务;高尔夫相关;高尔夫球场,60
245,130102|170200,政府机构及社会团体;政府机关;省直辖市级政府及事业单位|公司企业;公司;公司,60
246,110202,风景名胜;风景名胜;国家级景点,60
247,110208,风景名胜;风景名胜;海滩,59
248,080115,体育休闲服务;运动场馆;马术俱乐部,59
249,130505|130103,政府机构及社会团体;公检法机构;公证鉴定机构|政府机构及社会团体;政府机关;地市级政府及事业单位,59
250,070900,生活服务;自来水营业厅;自来水营业厅,59
251,061400|071100,购物服务;个人用品/化妆品店;其它个人用品店|生活服务;美容美发店;美容美发店,59
252,100100|120201,住宿服务;宾馆酒店;宾馆酒店|商务住宅;楼宇;商务写字楼,59
253,130102|130407,政府机构及社会团体;政府机关;省直辖市级政府及事业单位|政府机构及社会团体;社会团体;行业协会,58
254,130102|130300,政府机构及社会团体;政府机关;省直辖市级政府及事业单位|政府机构及社会团体;民主党派;民主党派,57
255,130407|170200,政府机构及社会团体;社会团体;行业协会|公司企业;公司;公司,56
256,130103|141300,政府机构及社会团体;政府机关;地市级政府及事业单位|科教文化服务;科研机构;科研机构,56
257,060300|071200,购物服务;家电电子卖场;家电电子卖场|生活服务;维修站点;维修站点,56
258,141205|130102,科教文化服务;学校;成人教育|政府机构及社会团体;政府机关;省直辖市级政府及事业单位,55
259,100100|120302,住宿服务;宾馆酒店;宾馆酒店|商务住宅;住宅区;住宅小区,55
260,071200|060000,生活服务;维修站点;维修站点|购物服务;购物相关场所;购物相关场所,55
261,070401|070500,生活服务;邮局;邮政速递|生活服务;物流速递;物流速递,54
262,130106|130408,政府机构及社会团体;政府机关;乡镇以下级政府及事业单位|政府机构及社会团体;社会团体;慈善机构,53
263,130506|130104,政府机构及社会团体;公检法机构;社会治安机构|政府机构及社会团体;政府机关;区县级政府及事业单位,53
264,080303|080500,体育休闲服务;娱乐场所;迪厅|体育休闲服务;休闲场所;休闲场所,52
265,110105|080500,风景名胜;公园广场;城市广场|体育休闲服务;休闲场所;休闲场所,51
266,061100|070000,购物服务;服装鞋帽皮具店;服装鞋帽皮具店|生活服务;生活服务场所;生活服务场所,51
267,120302|190108,商务住宅;住宅区;住宅小区|地名地址信息;普通地名;村庄级地名,51
268,130506|130106,政府机构及社会团体;公检法机构;社会治安机构|政府机构及社会团体;政府机关;乡镇以下级政府及事业单位,51
269,080300|080500,体育休闲服务;娱乐场所;娱乐场所|体育休闲服务;休闲场所;休闲场所,50
270,190108|120302,地名地址信息;普通地名;村庄级地名|商务住宅;住宅区;住宅小区,50
271,080113|080304,体育休闲服务;运动场馆;台球厅|体育休闲服务;娱乐场所;酒吧,50
272,130400|060000,政府机构及社会团体;社会团体;社会团体相关|购物服务;购物相关场所;购物相关场所,50
273,070500|170200,生活服务;物流速递;物流速递|公司企业;公司;公司,50
274,130506|130105,政府机构及社会团体;公检法机构;社会治安机构|政府机构及社会团体;政府机关;乡镇级政府及事业单位,50
275,130102|140000,政府机构及社会团体;政府机关;省直辖市级政府及事业单位|科教文化服务;科教文化场所;科教文化场所,50
276,130408|130407,政府机构及社会团体;社会团体;慈善机构|政府机构及社会团体;社会团体;行业协会,49
277,071300|061100,生活服务;摄影冲印店;摄影冲印|购物服务;服装鞋帽皮具店;服装鞋帽皮具店,49
278,080304|050000,体育休闲服务;娱乐场所;酒吧|餐饮服务;餐饮相关场所;餐饮相关,48
279,120201|100100,商务住宅;楼宇;商务写字楼|住宿服务;宾馆酒店;宾馆酒店,48
280,141400|080100,科教文化服务;培训机构;培训机构|体育休闲服务;运动场馆;运动场所,48
281,120304|080500,商务住宅;住宅区;社区中心|体育休闲服务;休闲场所;休闲场所,48
282,060305|070604,购物服务;家电电子卖场;手机销售|生活服务;电讯营业厅;中国联通营业厅,47
283,141500|070000,科教文化服务;驾校;驾校|生活服务;生活服务场所;生活服务场所,47
284,071100|061100,生活服务;美容美发店;美容美发店|购物服务;服装鞋帽皮具店;服装鞋帽皮具店,47
285,110202|110203,风景名胜;风景名胜;国家级景点|风景名胜;风景名胜;省级景点,45
286,070601|060300,生活服务;电讯营业厅;中国电信营业厅|购物服务;家电电子卖场;家电电子卖场,45
287,070304,生活服务;售票处;船票代售点,45
288,060102|080111,购物服务;商场;普通商场|体育休闲服务;运动场馆;健身中心,45
289,130104|130103,政府机构及社会团体;政府机关;区县级政府及事业单位|政府机构及社会团体;政府机关;地市级政府及事业单位,45
290,130102|141300,政府机构及社会团体;政府机关;省直辖市级政府及事业单位|科教文化服务;科研机构;科研机构,45
291,120201|130700,商务住宅;楼宇;商务写字楼|政府机构及社会团体;工商税务机构;工商税务机构,44
292,061208|071200,购物服务;专卖店;自行车专卖店|生活服务;维修站点;维修站点,44
293,071100|061400,生活服务;美容美发店;美容美发店|购物服务;个人用品/化妆品店;其它个人用品店,44
294,070701|070800,生活服务;事务所;律师事务所|生活服务;人才市场;人才市场,44
295,130106|130506,政府机构及社会团体;政府机关;乡镇以下级政府及事业单位|政府机构及社会团体;公检法机构;社会治安机构,44
296,130105|130506,政府机构及社会团体;政府机关;乡镇级政府及事业单位|政府机构及社会团体;公检法机构;社会治安机构,43
297,130701|130407,政府机构及社会团体;工商税务机构;工商部门|政府机构及社会团体;社会团体;行业协会,43
298,130400|070000,政府机构及社会团体;社会团体;社会团体相关|生活服务;生活服务场所;生活服务场所,43
299,080305|050400,体育休闲服务;娱乐场所;游戏厅|餐饮服务;休闲餐饮场所;休闲餐饮场所,42
300,130102|130106,政府机构及社会团体;政府机关;省直辖市级政府及事业单位|政府机构及社会团体;政府机关;乡镇以下级政府及事业单位,42
301,080302|050000,体育休闲服务;娱乐场所;KTV|餐饮服务;餐饮相关场所;餐饮相关,42
302,130100|130400,政府机构及社会团体;政府机关;政府机关相关|政府机构及社会团体;社会团体;社会团体相关,41
303,130105|130500,政府机构及社会团体;政府机关;乡镇级政府及事业单位|政府机构及社会团体;公检法机构;公检法机关,40
304,130100|170200,政府机构及社会团体;政府机关;政府机关相关|公司企业;公司;公司,40
305,150209,交通设施服务;火车站;票务相关,39
306,130100|070000,政府机构及社会团体;政府机关;政府机关相关|生活服务;生活服务场所;生活服务场所,39
307,080302|050100,体育休闲服务;娱乐场所;KTV|餐饮服务;中餐厅;中餐厅,39
308,050201|080304,餐饮服务;外国餐厅;西餐厅(综合风味)|体育休闲服务;娱乐场所;酒吧,39
309,170200|070500,公司企业;公司;公司|生活服务;物流速递;物流速递,38
310,120304|070000,商务住宅;住宅区;社区中心|生活服务;生活服务场所;生活服务场所,38
311,061210|080304,购物服务;专卖店;烟酒专卖店|体育休闲服务;娱乐场所;酒吧,38
312,130202,政府机构及社会团体;外国机构;国际组织办事处,38
313,070609,生活服务;电讯营业厅;电讯盈科,38
314,070301|170200,生活服务;售票处;飞机票代售点|公司企业;公司;公司,38
315,100200|120000,住宿服务;旅馆招待所;旅馆招待所|商务住宅;商务住宅相关;商务住宅相关,37
316,170200|130400,公司企业;公司;公司|政府机构及社会团体;社会团体;社会团体相关,37
317,080100|080500,体育休闲服务;运动场馆;运动场所|体育休闲服务;休闲场所;休闲场所,37
318,080304|050300,体育休闲服务;娱乐场所;酒吧|餐饮服务;快餐厅;快餐厅,36
319,141202|080500,科教文化服务;学校;中学|体育休闲服务;休闲场所;休闲场所,36
320,130400|170000,政府机构及社会团体;社会团体;社会团体相关|公司企业;公司企业;公司企业,36
321,120302|110000,商务住宅;住宅区;住宅小区|风景名胜;风景名胜相关;旅游景点,36
322,120201|070000,商务住宅;楼宇;商务写字楼|生活服务;生活服务场所;生活服务场所,36
323,150300,交通设施服务;港口码头;港口码头,36
324,071200|071600,生活服务;维修站点;维修站点|生活服务;中介机构;中介机构,36
325,070306|070304,生活服务;售票处;公园景点售票处|生活服务;售票处;船票代售点,36
326,080111|080110,体育休闲服务;运动场馆;健身中心|体育休闲服务;运动场馆;游泳馆,36
327,080306|050100,体育休闲服务;娱乐场所;棋牌室|餐饮服务;中餐厅;中餐厅,35
328,120201|120100,商务住宅;楼宇;商务写字楼|商务住宅;产业园区;产业园区,35
329,070305,生活服务;售票处;公交卡/月票代售点,35
330,130106|140800,政府机构及社会团体;政府机关;乡镇以下级政府及事业单位|科教文化服务;文化宫;文化宫,35
331,130505|130104,政府机构及社会团体;公检法机构;公证鉴定机构|政府机构及社会团体;政府机关;区县级政府及事业单位,35
332,071600|170200,生活服务;中介机构;中介机构|公司企业;公司;公司,35
333,170206|070800,公司企业;公司;网络科技|生活服务;人才市场;人才市场,34
334,070603|060000,生活服务;电讯营业厅;中国移动营业厅|购物服务;购物相关场所;购物相关场所,34
335,060000|070000,购物服务;购物相关场所;购物相关场所|生活服务;生活服务场所;生活服务场所,34
336,130107|130103,政府机构及社会团体;政府机关;外地政府办|政府机构及社会团体;政府机关;地市级政府及事业单位,34
337,072000,生活服务;婴儿服务场所;婴儿服务场所,33
338,141300|130100,科教文化服务;科研机构;科研机构|政府机构及社会团体;政府机关;政府机关相关,33
339,080116,体育休闲服务;运动场馆;赛马场,33
340,071903,生活服务;丧葬设施;殡仪馆,33
341,050202|080304,餐饮服务;外国餐厅;日本料理|体育休闲服务;娱乐场所;酒吧,33
342,080111|080101,体育休闲服务;运动场馆;健身中心|体育休闲服务;运动场馆;综合体育馆,32
343,170200|071600,公司企业;公司;公司|生活服务;中介机构;中介机构,32
344,100104|080301,住宿服务;宾馆酒店;三星级宾馆|体育休闲服务;娱乐场所;夜总会,30
345,120201|060000,商务住宅;楼宇;商务写字楼|购物服务;购物相关场所;购物相关场所,30
346,071100|061200,生活服务;美容美发店;美容美发店|购物服务;专卖店;专营店,30
347,130102|130400,政府机构及社会团体;政府机关;省直辖市级政府及事业单位|政府机构及社会团体;社会团体;社会团体相关,30
348,090210,医疗保健服务;专科医院;精神病医院,30
349,071200|170200,生活服务;维修站点;维修站点|公司企业;公司;公司,30
350,080306|050600,体育休闲服务;娱乐场所;棋牌室|餐饮服务;茶艺馆;茶艺馆,30
351,071200|060300,生活服务;维修站点;维修站点|购物服务;家电电子卖场;家电电子卖场,30
352,060101|120201,购物服务;商场;购物中心|商务住宅;楼宇;商务写字楼,29
353,071500|071200,生活服务;洗衣店;洗衣店|生活服务;维修站点;维修站点,29
354,130102|130104,政府机构及社会团体;政府机关;省直辖市级政府及事业单位|政府机构及社会团体;政府机关;区县级政府及事业单位,29
355,130100|140000,政府机构及社会团体;政府机关;政府机关相关|科教文化服务;科教文化场所;科教文化场所,29
356,071901|071902,生活服务;丧葬设施;陵园|生活服务;丧葬设施;公墓,29
357,080308|071200,体育休闲服务;娱乐场所;网吧|生活服务;维修站点;维修站点,28
358,100104|071400|170200|080500,住宿服务;宾馆酒店;三星级宾馆|生活服务;洗浴推拿场所;洗浴推拿场所|公司企业;公司;公司|体育休闲服务;休闲场所;休闲场所,28
359,170300|070000,公司企业;工厂;工厂|生活服务;生活服务场所;生活服务场所,28
360,130407|141400,政府机构及社会团体;社会团体;行业协会|科教文化服务;培训机构;培训机构,28
361,080401|100100,体育休闲服务;度假疗养场所;度假村|住宿服务;宾馆酒店;宾馆酒店,28
362,130101|130700,政府机构及社会团体;政府机关;国家级机关及事业单位|政府机构及社会团体;工商税务机构;工商税务机构,28
363,071400|080300,生活服务;洗浴推拿场所;洗浴推拿场所|体育休闲服务;娱乐场所;娱乐场所,28
364,120302|100000,商务住宅;住宅区;住宅小区|住宿服务;住宿服务相关;住宿服务相关,28
365,060501|080300,购物服务;花鸟鱼虫市场;花卉市场|体育休闲服务;娱乐场所;娱乐场所,28
366,090300|090100,医疗保健服务;诊所;诊所|医疗保健服务;综合医院;综合医院,28
367,080300|050200,体育休闲服务;娱乐场所;娱乐场所|餐饮服务;外国餐厅;外国餐厅,28
368,050101|080300|071400,餐饮服务;中餐厅;综合酒楼|体育休闲服务;娱乐场所;娱乐场所|生活服务;洗浴推拿场所;洗浴推拿场所,27
369,120302|120200,商务住宅;住宅区;住宅小区|商务住宅;楼宇;楼宇相关,27
370,070705,生活服务;事务所;认证事务所,27
371,080304|050400,体育休闲服务;娱乐场所;酒吧|餐饮服务;休闲餐饮场所;休闲餐饮场所,27
372,170200|130100,公司企业;公司;公司|政府机构及社会团体;政府机关;政府机关相关,27
373,080304|030100,体育休闲服务;娱乐场所;酒吧|汽车维修;汽车综合维修;汽车综合维修,27
374,130703|070000,政府机构及社会团体;工商税务机构;地税机关|生活服务;生活服务场所;生活服务场所,26
375,070607,生活服务;电讯营业厅;和记电讯,26
376,070603|071200,生活服务;电讯营业厅;中国移动营业厅|生活服务;维修站点;维修站点,26
377,141300|130400,科教文化服务;科研机构;科研机构|政府机构及社会团体;社会团体;社会团体相关,26
378,110105|060800,风景名胜;公园广场;城市广场|购物服务;文化用品店;文化用品店,26
379,120302|061000,商务住宅;住宅区;住宅小区|购物服务;特色商业街;特色商业街,26
380,110201,风景名胜;风景名胜;世界遗产,26
381,150400,交通设施服务;长途汽车站;长途汽车站,26
382,150205,交通设施服务;火车站;售票,26
383,080306|080113,体育休闲服务;娱乐场所;棋牌室|体育休闲服务;运动场馆;台球厅,25
384,130103|130505,政府机构及社会团体;政府机关;地市级政府及事业单位|政府机构及社会团体;公检法机构;公证鉴定机构,25
385,130102|130505,政府机构及社会团体;政府机关;省直辖市级政府及事业单位|政府机构及社会团体;公检法机构;公证鉴定机构,25
386,120201|060101,商务住宅;楼宇;商务写字楼|购物服务;商场;购物中心,25
387,060603|071200,购物服务;家居建材市场;建材五金市场|生活服务;维修站点;维修站点,25
388,071200|061200,生活服务;维修站点;维修站点|购物服务;专卖店;专营店,25
389,070601|070603,生活服务;电讯营业厅;中国电信营业厅|生活服务;电讯营业厅;中国移动营业厅,25
390,090201|090300,医疗保健服务;专科医院;整形美容|医疗保健服务;诊所;诊所,25
391,130102|130506,政府机构及社会团体;政府机关;省直辖市级政府及事业单位|政府机构及社会团体;公检法机构;社会治安机构,25
392,071100|141400,生活服务;美容美发店;美容美发店|科教文化服务;培训机构;培训机构,25
393,130103|140200,政府机构及社会团体;政府机关;地市级政府及事业单位|科教文化服务;展览馆;展览馆,25
394,080501|060000,体育休闲服务;休闲场所;游乐场|购物服务;购物相关场所;购物相关场所,24
395,130505|141400,政府机构及社会团体;公检法机构;公证鉴定机构|科教文化服务;培训机构;培训机构,24
396,120302|060102,商务住宅;住宅区;住宅小区|购物服务;商场;普通商场,24
397,120203|100103,商务住宅;楼宇;商住两用楼宇|住宿服务;宾馆酒店;四星级宾馆,24
398,100103|100104,住宿服务;宾馆酒店;四星级宾馆|住宿服务;宾馆酒店;三星级宾馆,24
399,100100|100200|120000,住宿服务;宾馆酒店;宾馆酒店|住宿服务;旅馆招待所;旅馆招待所|商务住宅;商务住宅相关;商务住宅相关,24
400,080113|071400,体育休闲服务;运动场馆;台球厅|生活服务;洗浴推拿场所;洗浴推拿场所,24
401,090205|090101,医疗保健服务;专科医院;胸科医院|医疗保健服务;综合医院;三级甲等医院,24
402,050100|080500,餐饮服务;中餐厅;中餐厅|体育休闲服务;休闲场所;休闲场所,23
403,130103|120100,政府机构及社会团体;政府机关;地市级政府及事业单位|商务住宅;产业园区;产业园区,23
404,170208|070603|060305,公司企业;公司;电信公司|生活服务;电讯营业厅;中国移动营业厅|购物服务;家电电子卖场;手机销售,23
405,150905|150906,交通设施服务;停车场;专用停车场|交通设施服务;停车场;路边停车场,23
406,130403|070000,政府机构及社会团体;社会团体;妇联|生活服务;生活服务场所;生活服务场所,23
407,120302|130103,商务住宅;住宅区;住宅小区|政府机构及社会团体;政府机关;地市级政府及事业单位,23
408,110209,风景名胜;风景名胜;观景点,23
409,150201,交通设施服务;火车站;候车室,22
410,150907|150909,交通设施服务;停车场;停车场入口|交通设施服务;停车场;停车场出入口,22
411,090206|090300,医疗保健服务;专科医院;骨科医院|医疗保健服务;诊所;诊所,22
412,070100|110000,生活服务;旅行社;旅行社|风景名胜;风景名胜相关;旅游景点,22
413,071600|060000,生活服务;中介机构;中介机构|购物服务;购物相关场所;购物相关场所,22
414,080602|080300,体育休闲服务;影剧院;音乐厅|体育休闲服务;娱乐场所;娱乐场所,21
415,071801,生活服务;彩票彩券销售点;马会投注站,21
416,080111|050400,体育休闲服务;运动场馆;健身中心|餐饮服务;休闲餐饮场所;休闲餐饮场所,21
417,080304|050200,体育休闲服务;娱乐场所;酒吧|餐饮服务;外国餐厅;外国餐厅,21
418,080302|050201,体育休闲服务;娱乐场所;KTV|餐饮服务;外国餐厅;西餐厅(综合风味),21
419,130105|130103,政府机构及社会团体;政府机关;乡镇级政府及事业单位|政府机构及社会团体;政府机关;地市级政府及事业单位,20
420,130104|130500,政府机构及社会团体;政府机关;区县级政府及事业单位|政府机构及社会团体;公检法机构;公检法机关,20
421,080304|080202,体育休闲服务;娱乐场所;酒吧|体育休闲服务;高尔夫相关;高尔夫练习场,20
422,130106|130500,政府机构及社会团体;政府机关;乡镇以下级政府及事业单位|政府机构及社会团体;公检法机构;公检法机关,20
423,170205|070500,公司企业;公司;冶金化工|生活服务;物流速递;物流速递,20
424,071300|170200,生活服务;摄影冲印店;摄影冲印|公司企业;公司;公司,20
425,170200|070800,公司企业;公司;公司|生活服务;人才市场;人才市场,20
426,100100|120203,住宿服务;宾馆酒店;宾馆酒店|商务住宅;楼宇;商住两用楼宇,20
427,120302|100200|100100,商务住宅;住宅区;住宅小区|住宿服务;旅馆招待所;旅馆招待所|住宿服务;宾馆酒店;宾馆酒店,20
428,090202|090100,医疗保健服务;专科医院;口腔医院|医疗保健服务;综合医院;综合医院,20
429,090209|090300,医疗保健服务;专科医院;妇科医院|医疗保健服务;诊所;诊所,20
430,130102|141300|170200,政府机构及社会团体;政府机关;省直辖市级政府及事业单位|科教文化服务;科研机构;科研机构|公司企业;公司;公司,20
431,150906|150905,交通设施服务;停车场;路边停车场|交通设施服务;停车场;专用停车场,20
432,141300|170200,科教文化服务;科研机构;科研机构|公司企业;公司;公司,20
433,080304|080302,体育休闲服务;娱乐场所;酒吧|体育休闲服务;娱乐场所;KTV,20
434,120302|120303,商务住宅;住宅区;住宅小区|商务住宅;住宅区;宿舍,19
435,070800|141400,生活服务;人才市场;人才市场|科教文化服务;培训机构;培训机构,19
436,050200|080000,餐饮服务;外国餐厅;外国餐厅|体育休闲服务;体育休闲服务场所;体育休闲服务场所,19
437,130407|130505,政府机构及社会团体;社会团体;行业协会|政府机构及社会团体;公检法机构;公证鉴定机构,19
438,060200|071200,购物服务;便民商店/便利店;便民商店/便利店|生活服务;维修站点;维修站点,19
439,060306|060305|071200,购物服务;家电电子卖场;数码电子|购物服务;家电电子卖场;手机销售|生活服务;维修站点;维修站点,19
440,061200|071200,购物服务;专卖店;专营店|生活服务;维修站点;维修站点,19
441,170208|070604,公司企业;公司;电信公司|生活服务;电讯营业厅;中国联通营业厅,19
442,061203|071200,购物服务;专卖店;钟表店|生活服务;维修站点;维修站点,19
443,080300|071400,体育休闲服务;娱乐场所;娱乐场所|生活服务;洗浴推拿场所;洗浴推拿场所,19
444,120201|110105,商务住宅;楼宇;商务写字楼|风景名胜;公园广场;城市广场,19
445,070000|060000,生活服务;生活服务场所;生活服务场所|购物服务;购物相关场所;购物相关场所,19
446,070100|170200,生活服务;旅行社;旅行社|公司企业;公司;公司,18
447,120203|120300,商务住宅;楼宇;商住两用楼宇|商务住宅;住宅区;住宅区,18
448,061000|080300,购物服务;特色商业街;特色商业街|体育休闲服务;娱乐场所;娱乐场所,18
449,080110|072001,体育休闲服务;运动场馆;游泳馆|生活服务;婴儿服务场所;婴儿游泳馆,18
450,080500|071400,体育休闲服务;休闲场所;休闲场所|生活服务;洗浴推拿场所;洗浴推拿场所,18
451,080502|050118,体育休闲服务;休闲场所;垂钓园|餐饮服务;中餐厅;特色/地方风味餐厅,18
452,080402|050100,体育休闲服务;度假疗养场所;疗养院|餐饮服务;中餐厅;中餐厅,18
453,061202|070000,购物服务;专卖店;珠宝首饰工艺品|生活服务;生活服务场所;生活服务场所,18
454,060200|070000,购物服务;便民商店/便利店;便民商店/便利店|生活服务;生活服务场所;生活服务场所,17
455,061101|071300,购物服务;服装鞋帽皮具店;品牌服装店|生活服务;摄影冲印店;摄影冲印,17
456,071400|080500,生活服务;洗浴推拿场所;洗浴推拿场所|体育休闲服务;休闲场所;休闲场所,17
457,061101|071100,购物服务;服装鞋帽皮具店;品牌服装店|生活服务;美容美发店;美容美发店,17
458,080300|061200,体育休闲服务;娱乐场所;娱乐场所|购物服务;专卖店;专营店,16
459,070000|130000,生活服务;生活服务场所;生活服务场所|政府机构及社会团体;政府及社会团体相关;政府及社会团体相关,16
460,080400,体育休闲服务;度假疗养场所;度假疗养场所,16
461,061200|071100,购物服务;专卖店;专营店|生活服务;美容美发店;美容美发店,16
462,110106,风景名胜;公园广场;公园内部设施,16
463,120304|130400,商务住宅;住宅区;社区中心|政府机构及社会团体;社会团体;社会团体相关,16
464,120302|120301|100000,商务住宅;住宅区;住宅小区|商务住宅;住宅区;别墅|住宿服务;住宿服务相关;住宿服务相关,16
465,120302|061202,商务住宅;住宅区;住宅小区|购物服务;专卖店;珠宝首饰工艺品,16
466,080304|080301,体育休闲服务;娱乐场所;酒吧|体育休闲服务;娱乐场所;夜总会,16
467,070604|170208,生活服务;电讯营业厅;中国联通营业厅|公司企业;公司;电信公司,15
468,070603|060300,生活服务;电讯营业厅;中国移动营业厅|购物服务;家电电子卖场;家电电子卖场,15
469,130603|170200,政府机构及社会团体;交通车辆管理;验车场|公司企业;公司;公司,15
470,080603|170200,体育休闲服务;影剧院;剧场|公司企业;公司;公司,15
471,080304|050700,体育休闲服务;娱乐场所;酒吧|餐饮服务;冷饮店;冷饮店,15
472,080306|170200,体育休闲服务;娱乐场所;棋牌室|公司企业;公司;公司,15
473,130506|130107,政府机构及社会团体;公检法机构;社会治安机构|政府机构及社会团体;政府机关;外地政府办,15
474,070704,生活服务;事务所;审计事务所,15
475,071100|080000,生活服务;美容美发店;美容美发店|体育休闲服务;体育休闲服务场所;体育休闲服务场所,15
476,130100|080000,政府机构及社会团体;政府机关;政府机关相关|体育休闲服务;体育休闲服务场所;体育休闲服务场所,15
477,130104|130505,政府机构及社会团体;政府机关;区县级政府及事业单位|政府机构及社会团体;公检法机构;公证鉴定机构,15
478,080305|080501,体育休闲服务;娱乐场所;游戏厅|体育休闲服务;休闲场所;游乐场,15
479,130106|130406,政府机构及社会团体;政府机关;乡镇以下级政府及事业单位|政府机构及社会团体;社会团体;消费者协会,15
480,130104|130701,政府机构及社会团体;政府机关;区县级政府及事业单位|政府机构及社会团体;工商税务机构;工商部门,15
481,130400|130100,政府机构及社会团体;社会团体;社会团体相关|政府机构及社会团体;政府机关;政府机关相关,15
482,150904|150907,交通设施服务;停车场;公共停车场|交通设施服务;停车场;停车场入口,15
483,130408|060200,政府机构及社会团体;社会团体;慈善机构|购物服务;便民商店/便利店;便民商店/便利店,15
484,060306|070000,购物服务;家电电子卖场;数码电子|生活服务;生活服务场所;生活服务场所,15
485,130105|130407,政府机构及社会团体;政府机关;乡镇级政府及事业单位|政府机构及社会团体;社会团体;行业协会,15
486,060102|110105,购物服务;商场;普通商场|风景名胜;公园广场;城市广场,15
487,130408|060400,政府机构及社会团体;社会团体;慈善机构|购物服务;超级市场;超市,15
488,080304|060000,体育休闲服务;娱乐场所;酒吧|购物服务;购物相关场所;购物相关场所,15
489,130101|130703,政府机构及社会团体;政府机关;国家级机关及事业单位|政府机构及社会团体;工商税务机构;地税机关,15
490,130400|140000,政府机构及社会团体;社会团体;社会团体相关|科教文化服务;科教文化场所;科教文化场所,15
491,150203,交通设施服务;火车站;出站口,15
492,130603|130505,政府机构及社会团体;交通车辆管理;验车场|政府机构及社会团体;公检法机构;公证鉴定机构,15
493,110203,风景名胜;风景名胜;省级景点,15
494,130104|130106,政府机构及社会团体;政府机关;区县级政府及事业单位|政府机构及社会团体;政府机关;乡镇以下级政府及事业单位,15
495,080111|070000,体育休闲服务;运动场馆;健身中心|生活服务;生活服务场所;生活服务场所,14
496,070400|170200,生活服务;邮局;邮局|公司企业;公司;公司,14
497,060605|120302,购物服务;家居建材市场;布艺市场|商务住宅;住宅区;住宅小区,14
498,120201|061200,商务住宅;楼宇;商务写字楼|购物服务;专卖店;专营店,14
499,090100|090300,医疗保健服务;综合医院;综合医院|医疗保健服务;诊所;诊所,14
500,141200|141300,科教文化服务;学校;学校|科教文化服务;科研机构;科研机构,14
501,080304|170200,体育休闲服务;娱乐场所;酒吧|公司企业;公司;公司,14
502,120201|170200,商务住宅;楼宇;商务写字楼|公司企业;公司;公司,14
503,061202|110000,购物服务;专卖店;珠宝首饰工艺品|风景名胜;风景名胜相关;旅游景点,14
504,120201|061100,商务住宅;楼宇;商务写字楼|购物服务;服装鞋帽皮具店;服装鞋帽皮具店,14
505,130103|070701,政府机构及社会团体;政府机关;地市级政府及事业单位|生活服务;事务所;律师事务所,14
506,141206|130100,科教文化服务;学校;职业技术学校|政府机构及社会团体;政府机关;政府机关相关,14
507,120304|140800,商务住宅;住宅区;社区中心|科教文化服务;文化宫;文化宫,14
508,070501|170200,生活服务;物流速递;物流仓储场地|公司企业;公司;公司,14
509,150205|070300,交通设施服务;火车站;售票|生活服务;售票处;售票处,13
510,071100|050000,生活服务;美容美发店;美容美发店|餐饮服务;餐饮相关场所;餐饮相关,13
511,070700|170200,生活服务;事务所;事务所|公司企业;公司;公司,13
512,072001|061207,生活服务;婴儿服务场所;婴儿游泳馆|购物服务;专卖店;儿童用品店,13
513,060602|071600,购物服务;家居建材市场;家具城|生活服务;中介机构;中介机构,13
514,140200|110000,科教文化服务;展览馆;展览馆|风景名胜;风景名胜相关;旅游景点,13
515,060305|070601|170208,购物服务;家电电子卖场;手机销售|生活服务;电讯营业厅;中国电信营业厅|公司企业;公司;电信公司,13
516,080500|050100,体育休闲服务;休闲场所;休闲场所|餐饮服务;中餐厅;中餐厅,12
517,080304|061100,体育休闲服务;娱乐场所;酒吧|购物服务;服装鞋帽皮具店;服装鞋帽皮具店,12
518,130407|080111,政府机构及社会团体;社会团体;行业协会|体育休闲服务;运动场馆;健身中心,12
519,080304|061200,体育休闲服务;娱乐场所;酒吧|购物服务;专卖店;专营店,12
520,120303|050100,商务住宅;住宅区;宿舍|餐饮服务;中餐厅;中餐厅,12
521,080104|141400,体育休闲服务;运动场馆;篮球场馆|科教文化服务;培训机构;培训机构,12
522,080501|110000,体育休闲服务;休闲场所;游乐场|风景名胜;风景名胜相关;旅游景点,12
523,080308|170206,体育休闲服务;娱乐场所;网吧|公司企业;公司;网络科技,12
524,130701|130703,政府机构及社会团体;工商税务机构;工商部门|政府机构及社会团体;工商税务机构;地税机关,12
525,080601|050700,体育休闲服务;影剧院;电影院|餐饮服务;冷饮店;冷饮店,12
526,070200|170200,生活服务;信息咨询中心;信息咨询中心|公司企业;公司;公司,12
527,071300|060000,生活服务;摄影冲印店;摄影冲印|购物服务;购物相关场所;购物相关场所,12
528,130104|170200,政府机构及社会团体;政府机关;区县级政府及事业单位|公司企业;公司;公司,12
529,120302|120301,商务住宅;住宅区;住宅小区|商务住宅;住宅区;别墅,12
530,080202|080100,体育休闲服务;高尔夫相关;高尔夫练习场|体育休闲服务;运动场馆;运动场所,12
531,141202|141203,科教文化服务;学校;中学|科教文化服务;学校;小学,12
532,060800|071300,购物服务;文化用品店;文化用品店|生活服务;摄影冲印店;摄影冲印,12
533,070608,生活服务;电讯营业厅;数码通电讯,12
534,140600|141300,科教文化服务;科技馆;科技馆|科教文化服务;科研机构;科研机构,12
535,080304|071400,体育休闲服务;娱乐场所;酒吧|生活服务;洗浴推拿场所;洗浴推拿场所,12
536,061100|071300,购物服务;服装鞋帽皮具店;服装鞋帽皮具店|生活服务;摄影冲印店;摄影冲印,12
537,090205|090300,医疗保健服务;专科医院;胸科医院|医疗保健服务;诊所;诊所,12
538,090201|090100,医疗保健服务;专科医院;整形美容|医疗保健服务;综合医院;综合医院,12
539,120203|071600,商务住宅;楼宇;商住两用楼宇|生活服务;中介机构;中介机构,12
540,100103|120201,住宿服务;宾馆酒店;四星级宾馆|商务住宅;楼宇;商务写字楼,12
541,090102|090300,医疗保健服务;综合医院;卫生院|医疗保健服务;诊所;诊所,12
542,150209|070300,交通设施服务;火车站;票务相关|生活服务;售票处;售票处,12
543,060305|070600,购物服务;家电电子卖场;手机销售|生活服务;电讯营业厅;电讯营业厅,11
544,090300|090200,医疗保健服务;诊所;诊所|医疗保健服务;专科医院;专科医院,11
545,130602|070000,政府机构及社会团体;交通车辆管理;车辆管理机构|生活服务;生活服务场所;生活服务场所,11
546,061204|071300,购物服务;专卖店;眼镜店|生活服务;摄影冲印店;摄影冲印,11
547,050101|100100,餐饮服务;中餐厅;综合酒楼|住宿服务;宾馆酒店;宾馆酒店,11
548,070702|141400,生活服务;事务所;会计师事务所|科教文化服务;培训机构;培训机构,11
549,060102|071100,购物服务;商场;普通商场|生活服务;美容美发店;美容美发店,11
550,060703|130100,购物服务;综合市场;农副产品市场|政府机构及社会团体;政府机关;政府机关相关,11
551,061212|060306|071300,购物服务;专卖店;摄影器材店|购物服务;家电电子卖场;数码电子|生活服务;摄影冲印店;摄影冲印,11
552,170200|141300,公司企业;公司;公司|科教文化服务;科研机构;科研机构,11
553,150107,交通设施服务;机场相关;机场货运处,11
554,150909|150907,交通设施服务;停车场;停车场出入口|交通设施服务;停车场;停车场入口,11
555,050103|080100,餐饮服务;中餐厅;广东菜(粤菜)|体育休闲服务;运动场馆;运动场所,10
556,130601|130104,政府机构及社会团体;交通车辆管理;交通管理机构|政府机构及社会团体;政府机关;区县级政府及事业单位,10
557,060501|070000,购物服务;花鸟鱼虫市场;花卉市场|生活服务;生活服务场所;生活服务场所,10
558,130106|120304,政府机构及社会团体;政府机关;乡镇以下级政府及事业单位|商务住宅;住宅区;社区中心,10
559,130104|130601,政府机构及社会团体;政府机关;区县级政府及事业单位|政府机构及社会团体;交通车辆管理;交通管理机构,10
560,140300|070100,科教文化服务;会展中心;会展中心|生活服务;旅行社;旅行社,10
561,151200,交通设施服务;轮渡站;轮渡站,10
562,120201|120300,商务住宅;楼宇;商务写字楼|商务住宅;住宅区;住宅区,10
563,071600|120300,生活服务;中介机构;中介机构|商务住宅;住宅区;住宅区,10
564,050305|071200,餐饮服务;快餐厅;茶餐厅|生活服务;维修站点;维修站点,10
565,071200|020000,生活服务;维修站点;维修站点|汽车销售;汽车销售;汽车销售,10
566,071500|061100,生活服务;洗衣店;洗衣店|购物服务;服装鞋帽皮具店;服装鞋帽皮具店,10
567,080304|080601,体育休闲服务;娱乐场所;酒吧|体育休闲服务;影剧院;电影院,10
568,130100|010000,政府机构及社会团体;政府机关;政府机关相关|汽车服务;汽车服务相关;汽车服务相关,10
569,150907|150904,交通设施服务;停车场;停车场入口|交通设施服务;停车场;公共停车场,10
570,061210|080000,购物服务;专卖店;烟酒专卖店|体育休闲服务;体育休闲服务场所;体育休闲服务场所,10
571,110200|070000,风景名胜;风景名胜;风景名胜|生活服务;生活服务场所;生活服务场所,10
572,061202|071100,购物服务;专卖店;珠宝首饰工艺品|生活服务;美容美发店;美容美发店,10
573,061203|071500,购物服务;专卖店;钟表店|生活服务;洗衣店;洗衣店,10
574,141400|070000,科教文化服务;培训机构;培训机构|生活服务;生活服务场所;生活服务场所,10
575,071300|072000,生活服务;摄影冲印店;摄影冲印|生活服务;婴儿服务场所;婴儿服务场所,10
576,050118|080304,餐饮服务;中餐厅;特色/地方风味餐厅|体育休闲服务;娱乐场所;酒吧,9
577,071600|071100,生活服务;中介机构;中介机构|生活服务;美容美发店;美容美发店,9
578,071900|060000,生活服务;丧葬设施;丧葬设施|购物服务;购物相关场所;购物相关场所,9
579,090209|090202|090300,医疗保健服务;专科医院;妇科医院|医疗保健服务;专科医院;口腔医院|医疗保健服务;诊所;诊所,9
580,060305|070000,购物服务;家电电子卖场;手机销售|生活服务;生活服务场所;生活服务场所,9
581,160139|070400,金融保险服务;银行;中国邮政储蓄银行|生活服务;邮局;邮局,9
582,130105|120000,政府机构及社会团体;政府机关;乡镇级政府及事业单位|商务住宅;商务住宅相关;商务住宅相关,9
583,150909|150905,交通设施服务;停车场;停车场出入口|交通设施服务;停车场;专用停车场,9
584,140800|110101,科教文化服务;文化宫;文化宫|风景名胜;公园广场;公园,9
585,130105|170200,政府机构及社会团体;政府机关;乡镇级政府及事业单位|公司企业;公司;公司,9
586,100100|170200,住宿服务;宾馆酒店;宾馆酒店|公司企业;公司;公司,9
587,120302|070000,商务住宅;住宅区;住宅小区|生活服务;生活服务场所;生活服务场所,9
588,061201|070000,购物服务;专卖店;古玩字画店|生活服务;生活服务场所;生活服务场所,9
589,080501|061101,体育休闲服务;休闲场所;游乐场|购物服务;服装鞋帽皮具店;品牌服装店,9
590,080304|050203,体育休闲服务;娱乐场所;酒吧|餐饮服务;外国餐厅;韩国料理,9
591,100104|100200,住宿服务;宾馆酒店;三星级宾馆|住宿服务;旅馆招待所;旅馆招待所,9
592,050215|080304|050500,餐饮服务;外国餐厅;巴西菜|体育休闲服务;娱乐场所;酒吧|餐饮服务;咖啡厅;咖啡厅,9
593,120201|130100,商务住宅;楼宇;商务写字楼|政府机构及社会团体;政府机关;政府机关相关,9
594,120304|120302,商务住宅;住宅区;社区中心|商务住宅;住宅区;住宅小区,9
595,170202|130103,公司企业;公司;建筑公司|政府机构及社会团体;政府机关;地市级政府及事业单位,9
596,060306|080308,购物服务;家电电子卖场;数码电子|体育休闲服务;娱乐场所;网吧,9
597,141203|170200,科教文化服务;学校;小学|公司企业;公司;公司,9
598,061207|080501,购物服务;专卖店;儿童用品店|体育休闲服务;休闲场所;游乐场,9
599,141201|130400,科教文化服务;学校;高等院校|政府机构及社会团体;社会团体;社会团体相关,9
600,130505|030000,政府机构及社会团体;公检法机构;公证鉴定机构|汽车维修;汽车维修;汽车维修,9
601,120301|110200,商务住宅;住宅区;别墅|风景名胜;风景名胜;风景名胜,9
602,141201|080101,科教文化服务;学校;高等院校|体育休闲服务;运动场馆;综合体育馆,9
603,080503|170400,体育休闲服务;休闲场所;采摘园|公司企业;农林牧渔基地;其它农林牧渔基地,9
604,080600|080500,体育休闲服务;影剧院;影剧院相关|体育休闲服务;休闲场所;休闲场所,9
605,170202|130505,公司企业;公司;建筑公司|政府机构及社会团体;公检法机构;公证鉴定机构,9
606,060602|070000,购物服务;家居建材市场;家具城|生活服务;生活服务场所;生活服务场所,9
607,061201|080500,购物服务;专卖店;古玩字画店|体育休闲服务;休闲场所;休闲场所,8
608,141300|110000,科教文化服务;科研机构;科研机构|风景名胜;风景名胜相关;旅游景点,8
609,120302|060000,商务住宅;住宅区;住宅小区|购物服务;购物相关场所;购物相关场所,8
610,061200|071900,购物服务;专卖店;专营店|生活服务;丧葬设施;丧葬设施,8
611,120203|100100,商务住宅;楼宇;商住两用楼宇|住宿服务;宾馆酒店;宾馆酒店,8
612,090500|090100,医疗保健服务;疾病预防机构;疾病预防|医疗保健服务;综合医院;综合医院,8
613,061207|080000,购物服务;专卖店;儿童用品店|体育休闲服务;体育休闲服务场所;体育休闲服务场所,8
614,110200|080300,风景名胜;风景名胜;风景名胜|体育休闲服务;娱乐场所;娱乐场所,8
615,071000|170200,生活服务;电力营业厅;电力营业厅|公司企业;公司;公司,8
616,150304,交通设施服务;港口码头;货运港口码头,8
617,080501|080100,体育休闲服务;休闲场所;游乐场|体育休闲服务;运动场馆;运动场所,8
618,080113|080500,体育休闲服务;运动场馆;台球厅|体育休闲服务;休闲场所;休闲场所,8
619,141200|130100,科教文化服务;学校;学校|政府机构及社会团体;政府机关;政府机关相关,8
620,060907|080500,购物服务;体育用品店;户外用品|体育休闲服务;休闲场所;休闲场所,8
621,061207|072000,购物服务;专卖店;儿童用品店|生活服务;婴儿服务场所;婴儿服务场所,8
622,080113|080112,体育休闲服务;运动场馆;台球厅|体育休闲服务;运动场馆;乒乓球馆,8
623,080110|080111,体育休闲服务;运动场馆;游泳馆|体育休闲服务;运动场馆;健身中心,8
624,060605|070000,购物服务;家居建材市场;布艺市场|生活服务;生活服务场所;生活服务场所,8
625,110101|110105,风景名胜;公园广场;公园|风景名胜;公园广场;城市广场,8
626,061207|072001,购物服务;专卖店;儿童用品店|生活服务;婴儿服务场所;婴儿游泳馆,8
627,071200|970000,生活服务;维修站点;维修站点|室内设施;室内设施;室内设施,8
628,050500|141300,餐饮服务;咖啡厅;咖啡厅|科教文化服务;科研机构;科研机构,8
629,061207|071300,购物服务;专卖店;儿童用品店|生活服务;摄影冲印店;摄影冲印,8
630,071400|170200,生活服务;洗浴推拿场所;洗浴推拿场所|公司企业;公司;公司,8
631,070500|060000,生活服务;物流速递;物流速递|购物服务;购物相关场所;购物相关场所,8
632,130200|070000,政府机构及社会团体;外国机构;外国机构相关|生活服务;生活服务场所;生活服务场所,7
633,160000|070000,金融保险服务;金融保险服务机构;金融保险机构|生活服务;生活服务场所;生活服务场所,7
634,070610,生活服务;电讯营业厅;中国移动香港,7
635,150909|150904,交通设施服务;停车场;停车场出入口|交通设施服务;停车场;公共停车场,7
636,060800|070000,购物服务;文化用品店;文化用品店|生活服务;生活服务场所;生活服务场所,7
637,061100|071600,购物服务;服装鞋帽皮具店;服装鞋帽皮具店|生活服务;中介机构;中介机构,7
638,071100|170200,生活服务;美容美发店;美容美发店|公司企业;公司;公司,7
639,071100|160000,生活服务;美容美发店;美容美发店|金融保险服务;金融保险服务机构;金融保险机构,7
640,120303|100200,商务住宅;住宅区;宿舍|住宿服务;旅馆招待所;旅馆招待所,7
641,071100|061400|170200,生活服务;美容美发店;美容美发店|购物服务;个人用品/化妆品店;其它个人用品店|公司企业;公司;公司,7
642,141201|070000,科教文化服务;学校;高等院校|生活服务;生活服务场所;生活服务场所,7
643,060102|120201,购物服务;商场;普通商场|商务住宅;楼宇;商务写字楼,7
644,071200|170000,生活服务;维修站点;维修站点|公司企业;公司企业;公司企业,7
645,130103|170200|070000,政府机构及社会团体;政府机关;地市级政府及事业单位|公司企业;公司;公司|生活服务;生活服务场所;生活服务场所,7
646,050100|071100,餐饮服务;中餐厅;中餐厅|生活服务;美容美发店;美容美发店,7
647,120201|160301,商务住宅;楼宇;商务写字楼|金融保险服务;自动提款机;中国银行ATM,7
648,090207|090101,医疗保健服务;专科医院;肿瘤医院|医疗保健服务;综合医院;三级甲等医院,7
649,061200|080300,购物服务;专卖店;专营店|体育休闲服务;娱乐场所;娱乐场所,6
650,150301,交通设施服务;港口码头;客运港,6
651,110101|110205,风景名胜;公园广场;公园|风景名胜;风景名胜;寺庙道观,6
652,080100|070000,体育休闲服务;运动场馆;运动场所|生活服务;生活服务场所;生活服务场所,6
653,110101|120302,风景名胜;公园广场;公园|商务住宅;住宅区;住宅小区,6
654,150206,交通设施服务;火车站;退票,6
655,090202|090101,医疗保健服务;专科医院;口腔医院|医疗保健服务;综合医院;三级甲等医院,6
656,050100|100100,餐饮服务;中餐厅;中餐厅|住宿服务;宾馆酒店;宾馆酒店,6
657,050500|080300,餐饮服务;咖啡厅;咖啡厅|体育休闲服务;娱乐场所;娱乐场所,6
658,080401|190108,体育休闲服务;度假疗养场所;度假村|地名地址信息;普通地名;村庄级地名,6
659,080500|170200,体育休闲服务;休闲场所;休闲场所|公司企业;公司;公司,6
660,140400|140200|110000,科教文化服务;美术馆;美术馆|科教文化服务;展览馆;展览馆|风景名胜;风景名胜相关;旅游景点,6
661,120201|160000,商务住宅;楼宇;商务写字楼|金融保险服务;金融保险服务机构;金融保险机构,6
662,100200|120300,住宿服务;旅馆招待所;旅馆招待所|商务住宅;住宅区;住宅区,6
663,070500|010800,生活服务;物流速递;物流速递|汽车服务;汽车配件销售;汽车配件销售,6
664,060600|071100,购物服务;家居建材市场;家居建材市场|生活服务;美容美发店;美容美发店,6
665,071400|050000,生活服务;洗浴推拿场所;洗浴推拿场所|餐饮服务;餐饮相关场所;餐饮相关,6
666,130103|170200,政府机构及社会团体;政府机关;地市级政府及事业单位|公司企业;公司;公司,6
667,130700|070000,政府机构及社会团体;工商税务机构;工商税务机构|生活服务;生活服务场所;生活服务场所,6
668,050108|080603,餐饮服务;中餐厅;湖南菜(湘菜)|体育休闲服务;影剧院;剧场,6
669,120301|120302,商务住宅;住宅区;别墅|商务住宅;住宅区;住宅小区,6
670,120201|100200,商务住宅;楼宇;商务写字楼|住宿服务;旅馆招待所;旅馆招待所,6
671,130100|130500,政府机构及社会团体;政府机关;政府机关相关|政府机构及社会团体;公检法机构;公检法机关,6
672,080501|141400,体育休闲服务;休闲场所;游乐场|科教文化服务;培训机构;培训机构,6
673,120302|060700,商务住宅;住宅区;住宅小区|购物服务;综合市场;综合市场,6
674,071100|010400,生活服务;美容美发店;美容美发店|汽车服务;汽车养护/装饰;汽车养护,6
675,120202|100100,商务住宅;楼宇;工业大厦建筑物|住宿服务;宾馆酒店;宾馆酒店,6
676,060502|110104,购物服务;花鸟鱼虫市场;宠物市场|风景名胜;公园广场;水族馆,6
677,080304|050205,体育休闲服务;娱乐场所;酒吧|餐饮服务;外国餐厅;意式菜品餐厅,6
678,090203|090100,医疗保健服务;专科医院;眼科医院|医疗保健服务;综合医院;综合医院,6
679,070601|060200,生活服务;电讯营业厅;中国电信营业厅|购物服务;便民商店/便利店;便民商店/便利店,6
680,150908|150904,交通设施服务;停车场;停车场出口|交通设施服务;停车场;公共停车场,6
681,070302|100000,生活服务;售票处;火车票代售点|住宿服务;住宿服务相关;住宿服务相关,6
682,160151|070000,金融保险服务;银行;广州农商银行|生活服务;生活服务场所;生活服务场所,6
683,071400|072000,生活服务;洗浴推拿场所;洗浴推拿场所|生活服务;婴儿服务场所;婴儿服务场所,6
684,060000|120302,购物服务;购物相关场所;购物相关场所|商务住宅;住宅区;住宅小区,6
685,110105|060100,风景名胜;公园广场;城市广场|购物服务;商场;商场,6
686,190105|130100,地名地址信息;普通地名;区县级地名|政府机构及社会团体;政府机关;政府机关相关,6
687,100100|050100,住宿服务;宾馆酒店;宾馆酒店|餐饮服务;中餐厅;中餐厅,6
688,110105|170200,风景名胜;公园广场;城市广场|公司企业;公司;公司,6
689,100104|050100,住宿服务;宾馆酒店;三星级宾馆|餐饮服务;中餐厅;中餐厅,6
690,090202|090300|090100,医疗保健服务;专科医院;口腔医院|医疗保健服务;诊所;诊所|医疗保健服务;综合医院;综合医院,6
691,080505|080501,体育休闲服务;休闲场所;水上活动中心|体育休闲服务;休闲场所;游乐场,6
692,120203|100200,商务住宅;楼宇;商住两用楼宇|住宿服务;旅馆招待所;旅馆招待所,6
693,071600|170000,生活服务;中介机构;中介机构|公司企业;公司企业;公司企业,5
694,170200|120201,公司企业;公司;公司|商务住宅;楼宇;商务写字楼,5
695,170205|100200,公司企业;公司;冶金化工|住宿服务;旅馆招待所;旅馆招待所,5
696,130501|130103,政府机构及社会团体;公检法机构;公安警察|政府机构及社会团体;政府机关;地市级政府及事业单位,5
697,071300|141100,生活服务;摄影冲印店;摄影冲印|科教文化服务;传媒机构;传媒机构,5
698,130103|130701,政府机构及社会团体;政府机关;地市级政府及事业单位|政府机构及社会团体;工商税务机构;工商部门,5
699,070401|170200,生活服务;邮局;邮政速递|公司企业;公司;公司,5
700,150903,交通设施服务;停车场;换乘停车场,5
701,141201|070800|141400,科教文化服务;学校;高等院校|生活服务;人才市场;人才市场|科教文化服务;培训机构;培训机构,5
702,120302|110105,商务住宅;住宅区;住宅小区|风景名胜;公园广场;城市广场,5
703,110105|120302,风景名胜;公园广场;城市广场|商务住宅;住宅区;住宅小区,5
704,120201|050100,商务住宅;楼宇;商务写字楼|餐饮服务;中餐厅;中餐厅,5
705,130104|130506,政府机构及社会团体;政府机关;区县级政府及事业单位|政府机构及社会团体;公检法机构;社会治安机构,5
706,050700|080000,餐饮服务;冷饮店;冷饮店|体育休闲服务;体育休闲服务场所;体育休闲服务场所,5
707,130601|130501,政府机构及社会团体;交通车辆管理;交通管理机构|政府机构及社会团体;公检法机构;公安警察,5
708,120201|060100,商务住宅;楼宇;商务写字楼|购物服务;商场;商场,5
709,130104|130501,政府机构及社会团体;政府机关;区县级政府及事业单位|政府机构及社会团体;公检法机构;公安警察,5
710,050500|071100,餐饮服务;咖啡厅;咖啡厅|生活服务;美容美发店;美容美发店,5
711,130701|130104,政府机构及社会团体;工商税务机构;工商部门|政府机构及社会团体;政府机关;区县级政府及事业单位,5
712,100100|140300,住宿服务;宾馆酒店;宾馆酒店|科教文化服务;会展中心;会展中心,5
713,060600|070000,购物服务;家居建材市场;家居建材市场|生活服务;生活服务场所;生活服务场所,5
714,130407|130105,政府机构及社会团体;社会团体;行业协会|政府机构及社会团体;政府机关;乡镇级政府及事业单位,5
715,060306|071300,购物服务;家电电子卖场;数码电子|生活服务;摄影冲印店;摄影冲印,5
716,080505|110102,体育休闲服务;休闲场所;水上活动中心|风景名胜;公园广场;动物园,5
717,070100|141100,生活服务;旅行社;旅行社|科教文化服务;传媒机构;传媒机构,5
718,050800|071100,餐饮服务;糕饼店;糕饼店|生活服务;美容美发店;美容美发店,5
719,150200,交通设施服务;火车站;火车站,5
720,130501|130104,政府机构及社会团体;公检法机构;公安警察|政府机构及社会团体;政府机关;区县级政府及事业单位,5
721,150209|150205|070302,交通设施服务;火车站;票务相关|交通设施服务;火车站;售票|生活服务;售票处;火车票代售点,4
722,060703|070500,购物服务;综合市场;农副产品市场|生活服务;物流速递;物流速递,4
723,170207|071100,公司企业;公司;商业贸易|生活服务;美容美发店;美容美发店,4
724,070601|071200,生活服务;电讯营业厅;中国电信营业厅|生活服务;维修站点;维修站点,4
725,130407|070000,政府机构及社会团体;社会团体;行业协会|生活服务;生活服务场所;生活服务场所,4
726,130400|170200,政府机构及社会团体;社会团体;社会团体相关|公司企业;公司;公司,4
727,060502|061211|070500,购物服务;花鸟鱼虫市场;宠物市场|购物服务;专卖店;宠物用品店|生活服务;物流速递;物流速递,4
728,120201|050500,商务住宅;楼宇;商务写字楼|餐饮服务;咖啡厅;咖啡厅,4
729,060306|080300,购物服务;家电电子卖场;数码电子|体育休闲服务;娱乐场所;娱乐场所,4
730,150907|150905,交通设施服务;停车场;停车场入口|交通设施服务;停车场;专用停车场,4
731,080304|080308,体育休闲服务;娱乐场所;酒吧|体育休闲服务;娱乐场所;网吧,4
732,070601|060000,生活服务;电讯营业厅;中国电信营业厅|购物服务;购物相关场所;购物相关场所,4
733,120203|120201|120303|100100,商务住宅;楼宇;商住两用楼宇|商务住宅;楼宇;商务写字楼|商务住宅;住宅区;宿舍|住宿服务;宾馆酒店;宾馆酒店,4
734,080302|080500,体育休闲服务;娱乐场所;KTV|体育休闲服务;休闲场所;休闲场所,4
735,080505|110000,体育休闲服务;休闲场所;水上活动中心|风景名胜;风景名胜相关;旅游景点,4
736,080402|080500,体育休闲服务;度假疗养场所;疗养院|体育休闲服务;休闲场所;休闲场所,4
737,080500|050400,体育休闲服务;休闲场所;休闲场所|餐饮服务;休闲餐饮场所;休闲餐饮场所,4
738,130703|130702,政府机构及社会团体;工商税务机构;地税机关|政府机构及社会团体;工商税务机构;国税机关,4
739,140800|080500,科教文化服务;文化宫;文化宫|体育休闲服务;休闲场所;休闲场所,4
740,080601|120201,体育休闲服务;影剧院;电影院|商务住宅;楼宇;商务写字楼,4
741,110102|110200,风景名胜;公园广场;动物园|风景名胜;风景名胜;风景名胜,4
742,090204|090100,医疗保健服务;专科医院;耳鼻喉医院|医疗保健服务;综合医院;综合医院,4
743,120301|080300,商务住宅;住宅区;别墅|体育休闲服务;娱乐场所;娱乐场所,4
744,130601|130100,政府机构及社会团体;交通车辆管理;交通管理机构|政府机构及社会团体;政府机关;政府机关相关,4
745,170300|141300,公司企业;工厂;工厂|科教文化服务;科研机构;科研机构,4
746,071200|070100,生活服务;维修站点;维修站点|生活服务;旅行社;旅行社,4
747,150908|150909,交通设施服务;停车场;停车场出口|交通设施服务;停车场;停车场出入口,4
748,070607|060305,生活服务;电讯营业厅;和记电讯|购物服务;家电电子卖场;手机销售,4
749,060602|120201,购物服务;家居建材市场;家具城|商务住宅;楼宇;商务写字楼,4
750,130101|130104,政府机构及社会团体;政府机关;国家级机关及事业单位|政府机构及社会团体;政府机关;区县级政府及事业单位,4
751,141206|141203,科教文化服务;学校;职业技术学校|科教文化服务;学校;小学,4
752,070701|120201,生活服务;事务所;律师事务所|商务住宅;楼宇;商务写字楼,4
753,071200|060800,生活服务;维修站点;维修站点|购物服务;文化用品店;文化用品店,4
754,141203|141205,科教文化服务;学校;小学|科教文化服务;学校;成人教育,4
755,130703|130701,政府机构及社会团体;工商税务机构;地税机关|政府机构及社会团体;工商税务机构;工商部门,4
756,100200|070000,住宿服务;旅馆招待所;旅馆招待所|生活服务;生活服务场所;生活服务场所,4
757,141201|080500,科教文化服务;学校;高等院校|体育休闲服务;休闲场所;休闲场所,4
758,080501|070000,体育休闲服务;休闲场所;游乐场|生活服务;生活服务场所;生活服务场所,4
759,151100,交通设施服务;出租车;出租车,4
760,080100|141400,体育休闲服务;运动场馆;运动场所|科教文化服务;培训机构;培训机构,4
761,150904|150908,交通设施服务;停车场;公共停车场|交通设施服务;停车场;停车场出口,4
762,061100|071200,购物服务;服装鞋帽皮具店;服装鞋帽皮具店|生活服务;维修站点;维修站点,4
763,170200|070700,公司企业;公司;公司|生活服务;事务所;事务所,4
764,141100|070000,科教文化服务;传媒机构;传媒机构|生活服务;生活服务场所;生活服务场所,4
765,141400|110200,科教文化服务;培训机构;培训机构|风景名胜;风景名胜;风景名胜,4
766,080304|050800,体育休闲服务;娱乐场所;酒吧|餐饮服务;糕饼店;糕饼店,3
767,080501|970000,体育休闲服务;休闲场所;游乐场|室内设施;室内设施;室内设施,3
768,140000|070000,科教文化服务;科教文化场所;科教文化场所|生活服务;生活服务场所;生活服务场所,3
769,970000|070000,室内设施;室内设施;室内设施|生活服务;生活服务场所;生活服务场所,3
770,120302|141300,商务住宅;住宅区;住宅小区|科教文化服务;科研机构;科研机构,3
771,071200|010800,生活服务;维修站点;维修站点|汽车服务;汽车配件销售;汽车配件销售,3
772,150208,交通设施服务;火车站;公安制证,3
773,080601|140800,体育休闲服务;影剧院;电影院|科教文化服务;文化宫;文化宫,3
774,060604|071100,购物服务;家居建材市场;厨卫市场|生活服务;美容美发店;美容美发店,3
775,060305|070604|170208,购物服务;家电电子卖场;手机销售|生活服务;电讯营业厅;中国联通营业厅|公司企业;公司;电信公司,3
776,080501|061207,体育休闲服务;休闲场所;游乐场|购物服务;专卖店;儿童用品店,3
777,080500|080300,体育休闲服务;休闲场所;休闲场所|体育休闲服务;娱乐场所;娱乐场所,3
778,130403|141400,政府机构及社会团体;社会团体;妇联|科教文化服务;培训机构;培训机构,3
779,061102|141300,购物服务;服装鞋帽皮具店;品牌鞋店|科教文化服务;科研机构;科研机构,3
780,060502|071200,购物服务;花鸟鱼虫市场;宠物市场|生活服务;维修站点;维修站点,3
781,110101|170400,风景名胜;公园广场;公园|公司企业;农林牧渔基地;其它农林牧渔基地,3
782,050200,餐饮服务;外国餐厅;外国餐厅,3
783,141103|070000,科教文化服务;传媒机构;报社|生活服务;生活服务场所;生活服务场所,3
784,090202|090209,医疗保健服务;专科医院;口腔医院|医疗保健服务;专科医院;妇科医院,3
785,071100|071600,生活服务;美容美发店;美容美发店|生活服务;中介机构;中介机构,3
786,120201|080500,商务住宅;楼宇;商务写字楼|体育休闲服务;休闲场所;休闲场所,3
787,190108|070000|050000,地名地址信息;普通地名;村庄级地名|生活服务;生活服务场所;生活服务场所|餐饮服务;餐饮相关场所;餐饮相关,3
788,150904|050103,交通设施服务;停车场;公共停车场|餐饮服务;中餐厅;广东菜(粤菜),3
789,060603|170200|070000,购物服务;家居建材市场;建材五金市场|公司企业;公司;公司|生活服务;生活服务场所;生活服务场所,3
790,080501|150000,体育休闲服务;休闲场所;游乐场|交通设施服务;交通服务相关;交通服务相关,3
791,160100|071200,金融保险服务;银行;银行|生活服务;维修站点;维修站点,3
792,080501|170200,体育休闲服务;休闲场所;游乐场|公司企业;公司;公司,3
793,120201|141200,商务住宅;楼宇;商务写字楼|科教文化服务;学校;学校,3
794,050217|080304,餐饮服务;外国餐厅;其它亚洲菜|体育休闲服务;娱乐场所;酒吧,3
795,080109,体育休闲服务;运动场馆;海滨浴场,3
796,141300|141100,科教文化服务;科研机构;科研机构|科教文化服务;传媒机构;传媒机构,3
797,150303,交通设施服务;港口码头;人渡口,3
798,130407|140100,政府机构及社会团体;社会团体;行业协会|科教文化服务;博物馆;博物馆,3
799,071400|100200,生活服务;洗浴推拿场所;洗浴推拿场所|住宿服务;旅馆招待所;旅馆招待所,3
800,150301|150303,交通设施服务;港口码头;客运港|交通设施服务;港口码头;人渡口,3
801,141400|071600,科教文化服务;培训机构;培训机构|生活服务;中介机构;中介机构,3
802,080306|061200,体育休闲服务;娱乐场所;棋牌室|购物服务;专卖店;专营店,3
803,130400|080000,政府机构及社会团体;社会团体;社会团体相关|体育休闲服务;体育休闲服务场所;体育休闲服务场所,3
804,050000|070000,餐饮服务;餐饮相关场所;餐饮相关|生活服务;生活服务场所;生活服务场所,3
805,100100|050103,住宿服务;宾馆酒店;宾馆酒店|餐饮服务;中餐厅;广东菜(粤菜),3
806,050400|080000,餐饮服务;休闲餐饮场所;休闲餐饮场所|体育休闲服务;体育休闲服务场所;体育休闲服务场所,3
807,070701|130104,生活服务;事务所;律师事务所|政府机构及社会团体;政府机关;区县级政府及事业单位,3
808,170400|141300,公司企业;农林牧渔基地;其它农林牧渔基地|科教文化服务;科研机构;科研机构,3
809,061101|070000,购物服务;服装鞋帽皮具店;品牌服装店|生活服务;生活服务场所;生活服务场所,3
810,071100|140400,生活服务;美容美发店;美容美发店|科教文化服务;美术馆;美术馆,3
811,080306|060000,体育休闲服务;娱乐场所;棋牌室|购物服务;购物相关场所;购物相关场所,3
812,080505|060200,体育休闲服务;休闲场所;水上活动中心|购物服务;便民商店/便利店;便民商店/便利店,3
813,070800|170200,生活服务;人才市场;人才市场|公司企业;公司;公司,3
814,090101|090200,医疗保健服务;综合医院;三级甲等医院|医疗保健服务;专科医院;专科医院,3
815,080302|060000,体育休闲服务;娱乐场所;KTV|购物服务;购物相关场所;购物相关场所,3
816,080505|050300|200000,体育休闲服务;休闲场所;水上活动中心|餐饮服务;快餐厅;快餐厅|公共设施;公共设施;公共设施,3
817,060300|071100,购物服务;家电电子卖场;家电电子卖场|生活服务;美容美发店;美容美发店,3
818,070603|170208,生活服务;电讯营业厅;中国移动营业厅|公司企业;公司;电信公司,3
819,061205|070000,购物服务;专卖店;书店|生活服务;生活服务场所;生活服务场所,3
820,100200|120302,住宿服务;旅馆招待所;旅馆招待所|商务住宅;住宅区;住宅小区,3
821,080500|080100,体育休闲服务;休闲场所;休闲场所|体育休闲服务;运动场馆;运动场所,3
822,071200|060200,生活服务;维修站点;维修站点|购物服务;便民商店/便利店;便民商店/便利店,3
823,140000,科教文化服务;科教文化场所;科教文化场所,3
824,061201|071300,购物服务;专卖店;古玩字画店|生活服务;摄影冲印店;摄影冲印,3
825,080304|050500|050100,体育休闲服务;娱乐场所;酒吧|餐饮服务;咖啡厅;咖啡厅|餐饮服务;中餐厅;中餐厅,3
826,050103|071100,餐饮服务;中餐厅;广东菜(粤菜)|生活服务;美容美发店;美容美发店,3
827,061100|080000,购物服务;服装鞋帽皮具店;服装鞋帽皮具店|体育休闲服务;体育休闲服务场所;体育休闲服务场所,3
828,170200|061200|070000,公司企业;公司;公司|购物服务;专卖店;专营店|生活服务;生活服务场所;生活服务场所,3
829,060501|071300,购物服务;花鸟鱼虫市场;花卉市场|生活服务;摄影冲印店;摄影冲印,3
830,110100|060000,风景名胜;公园广场;公园广场|购物服务;购物相关场所;购物相关场所,2
831,141300|120000,科教文化服务;科研机构;科研机构|商务住宅;商务住宅相关;商务住宅相关,2
832,140800|080100,科教文化服务;文化宫;文化宫|体育休闲服务;运动场馆;运动场所,2
833,071400|060200,生活服务;洗浴推拿场所;洗浴推拿场所|购物服务;便民商店/便利店;便民商店/便利店,2
834,170201|141300,公司企业;公司;广告装饰|科教文化服务;科研机构;科研机构,2
835,071200|070500,生活服务;维修站点;维修站点|生活服务;物流速递;物流速递,2
836,070000|120000,生活服务;生活服务场所;生活服务场所|商务住宅;商务住宅相关;商务住宅相关,2
837,080300|141400,体育休闲服务;娱乐场所;娱乐场所|科教文化服务;培训机构;培训机构,2
838,120302|120100,商务住宅;住宅区;住宅小区|商务住宅;产业园区;产业园区,2
839,141300|120100,科教文化服务;科研机构;科研机构|商务住宅;产业园区;产业园区,2
840,141204|080300,科教文化服务;学校;幼儿园|体育休闲服务;娱乐场所;娱乐场所,2
841,060305|170208|070601,购物服务;家电电子卖场;手机销售|公司企业;公司;电信公司|生活服务;电讯营业厅;中国电信营业厅,2
842,060502|070000,购物服务;花鸟鱼虫市场;宠物市场|生活服务;生活服务场所;生活服务场所,2
843,100000|080300,住宿服务;住宿服务相关;住宿服务相关|体育休闲服务;娱乐场所;娱乐场所,2
844,090101|090602,医疗保健服务;综合医院;三级甲等医院|医疗保健服务;医药保健销售店;医疗保健用品,2
845,120302|050100,商务住宅;住宅区;住宅小区|餐饮服务;中餐厅;中餐厅,2
846,061200|071400,购物服务;专卖店;专营店|生活服务;洗浴推拿场所;洗浴推拿场所,2
847,061206|071300,购物服务;专卖店;音像店|生活服务;摄影冲印店;摄影冲印,2
848,050108|080300,餐饮服务;中餐厅;湖南菜(湘菜)|体育休闲服务;娱乐场所;娱乐场所,2
849,100100|120000,住宿服务;宾馆酒店;宾馆酒店|商务住宅;商务住宅相关;商务住宅相关,2
850,061209|071100,购物服务;专卖店;礼品饰品店|生活服务;美容美发店;美容美发店,2
851,070000|160000,生活服务;生活服务场所;生活服务场所|金融保险服务;金融保险服务机构;金融保险机构,2
852,061210|070000,购物服务;专卖店;烟酒专卖店|生活服务;生活服务场所;生活服务场所,2
853,060604|070000,购物服务;家居建材市场;厨卫市场|生活服务;生活服务场所;生活服务场所,2
854,140100|110000,科教文化服务;博物馆;博物馆|风景名胜;风景名胜相关;旅游景点,2
855,080300|050100,体育休闲服务;娱乐场所;娱乐场所|餐饮服务;中餐厅;中餐厅,2
856,150908|150905,交通设施服务;停车场;停车场出口|交通设施服务;停车场;专用停车场,2
857,090207|090100,医疗保健服务;专科医院;肿瘤医院|医疗保健服务;综合医院;综合医院,2
858,050119|080500,餐饮服务;中餐厅;海鲜酒楼|体育休闲服务;休闲场所;休闲场所,2
859,061209|071100|061400,购物服务;专卖店;礼品饰品店|生活服务;美容美发店;美容美发店|购物服务;个人用品/化妆品店;其它个人用品店,2
860,050400|080300,餐饮服务;休闲餐饮场所;休闲餐饮场所|体育休闲服务;娱乐场所;娱乐场所,2
861,071600|120000,生活服务;中介机构;中介机构|商务住宅;商务住宅相关;商务住宅相关,2
862,170206|071200|060000,公司企业;公司;网络科技|生活服务;维修站点;维修站点|购物服务;购物相关场所;购物相关场所,2
863,070700|160000,生活服务;事务所;事务所|金融保险服务;金融保险服务机构;金融保险机构,2
864,071700|170200,生活服务;搬家公司;搬家公司|公司企业;公司;公司,2
865,061203|071100,购物服务;专卖店;钟表店|生活服务;美容美发店;美容美发店,2
866,050800|070000,餐饮服务;糕饼店;糕饼店|生活服务;生活服务场所;生活服务场所,2
867,050600|080300,餐饮服务;茶艺馆;茶艺馆|体育休闲服务;娱乐场所;娱乐场所,2
868,080505|050100,体育休闲服务;休闲场所;水上活动中心|餐饮服务;中餐厅;中餐厅,2
869,071400|050400,生活服务;洗浴推拿场所;洗浴推拿场所|餐饮服务;休闲餐饮场所;休闲餐饮场所,2
870,060603|170300|070000,购物服务;家居建材市场;建材五金市场|公司企业;工厂;工厂|生活服务;生活服务场所;生活服务场所,2
871,141103|070500,科教文化服务;传媒机构;报社|生活服务;物流速递;物流速递,2
872,060305|070603|060306,购物服务;家电电子卖场;手机销售|生活服务;电讯营业厅;中国移动营业厅|购物服务;家电电子卖场;数码电子,2
873,070100|050100,生活服务;旅行社;旅行社|餐饮服务;中餐厅;中餐厅,2
874,071400|060000,生活服务;洗浴推拿场所;洗浴推拿场所|购物服务;购物相关场所;购物相关场所,2
875,100100|060000,住宿服务;宾馆酒店;宾馆酒店|购物服务;购物相关场所;购物相关场所,2
876,061200|071600,购物服务;专卖店;专营店|生活服务;中介机构;中介机构,2
877,070900|170200,生活服务;自来水营业厅;自来水营业厅|公司企业;公司;公司,2
878,170201|060600|070000,公司企业;公司;广告装饰|购物服务;家居建材市场;家居建材市场|生活服务;生活服务场所;生活服务场所,2
879,141201|130100,科教文化服务;学校;高等院校|政府机构及社会团体;政府机关;政府机关相关,2
880,060603|061200|070000,购物服务;家居建材市场;建材五金市场|购物服务;专卖店;专营店|生活服务;生活服务场所;生活服务场所,2
881,141400|071100,科教文化服务;培训机构;培训机构|生活服务;美容美发店;美容美发店,2
882,141203|141202,科教文化服务;学校;小学|科教文化服务;学校;中学,2
883,070000|080000,生活服务;生活服务场所;生活服务场所|体育休闲服务;体育休闲服务场所;体育休闲服务场所,2
884,010900|070000,汽车服务;汽车租赁;汽车租赁|生活服务;生活服务场所;生活服务场所,2
885,120302|060100,商务住宅;住宅区;住宅小区|购物服务;商场;商场,2
886,120201|060102,商务住宅;楼宇;商务写字楼|购物服务;商场;普通商场,2
887,070000|200000,生活服务;生活服务场所;生活服务场所|公共设施;公共设施;公共设施,2
888,080100|060000,体育休闲服务;运动场馆;运动场所|购物服务;购物相关场所;购物相关场所,2
889,120200|120302,商务住宅;楼宇;楼宇相关|商务住宅;住宅区;住宅小区,2
890,090100|090400,医疗保健服务;综合医院;综合医院|医疗保健服务;急救中心;急救中心,1
891,050300|100100,餐饮服务;快餐厅;快餐厅|住宿服务;宾馆酒店;宾馆酒店,1
892,010800|070000,汽车服务;汽车配件销售;汽车配件销售|生活服务;生活服务场所;生活服务场所,1
893,120201|141201,商务住宅;楼宇;商务写字楼|科教文化服务;学校;高等院校,1
894,141400|170200|070000,科教文化服务;培训机构;培训机构|公司企业;公司;公司|生活服务;生活服务场所;生活服务场所,1
895,061212|070000,购物服务;专卖店;摄影器材店|生活服务;生活服务场所;生活服务场所,1
896,120100|070000,商务住宅;产业园区;产业园区|生活服务;生活服务场所;生活服务场所,1
897,060800|071200,购物服务;文化用品店;文化用品店|生活服务;维修站点;维修站点,1
898,110100|110200,风景名胜;公园广场;公园广场|风景名胜;风景名胜;风景名胜,1
899,120300|100000,商务住宅;住宅区;住宅区|住宿服务;住宿服务相关;住宿服务相关,1
900,070000|170000,生活服务;生活服务场所;生活服务场所|公司企业;公司企业;公司企业,1
901,060100|070000,购物服务;商场;商场|生活服务;生活服务场所;生活服务场所,1
902,170202|070000,公司企业;公司;建筑公司|生活服务;生活服务场所;生活服务场所,1
903,141205|070000,科教文化服务;学校;成人教育|生活服务;生活服务场所;生活服务场所,1
904,141201|141400|070000,科教文化服务;学校;高等院校|科教文化服务;培训机构;培训机构|生活服务;生活服务场所;生活服务场所,1
905,060101|120201|170200,购物服务;商场;购物中心|商务住宅;楼宇;商务写字楼|公司企业;公司;公司,1
906,060502|100200,购物服务;花鸟鱼虫市场;宠物市场|住宿服务;旅馆招待所;旅馆招待所,1
907,141500|070000|010000,科教文化服务;驾校;驾校|生活服务;生活服务场所;生活服务场所|汽车服务;汽车服务相关;汽车服务相关,1
908,070800|170000,生活服务;人才市场;人才市场|公司企业;公司企业;公司企业,1
909,090101|090400,医疗保健服务;综合医院;三级甲等医院|医疗保健服务;急救中心;急救中心,1
910,170206|070000,公司企业;公司;网络科技|生活服务;生活服务场所;生活服务场所,1
911,141201|120201,科教文化服务;学校;高等院校|商务住宅;楼宇;商务写字楼,1
912,061207|070000,购物服务;专卖店;儿童用品店|生活服务;生活服务场所;生活服务场所,1
913,060100|120201,购物服务;商场;商场|商务住宅;楼宇;商务写字楼,1
914,071300|061200,生活服务;摄影冲印店;摄影冲印|购物服务;专卖店;专营店,1
915,170204|070000,公司企业;公司;机械电子|生活服务;生活服务场所;生活服务场所,1
916,061103|070000,购物服务;服装鞋帽皮具店;品牌皮具店|生活服务;生活服务场所;生活服务场所,1
917,050100|110000,餐饮服务;中餐厅;中餐厅|风景名胜;风景名胜相关;旅游景点,1
918,050103|100200,餐饮服务;中餐厅;广东菜(粤菜)|住宿服务;旅馆招待所;旅馆招待所,1
919,060501|071200,购物服务;花鸟鱼虫市场;花卉市场|生活服务;维修站点;维修站点,1
920,060600|071600,购物服务;家居建材市场;家居建材市场|生活服务;中介机构;中介机构,1
921,141500|141400|070000,科教文化服务;驾校;驾校|科教文化服务;培训机构;培训机构|生活服务;生活服务场所;生活服务场所,1
922,050100|100200,餐饮服务;中餐厅;中餐厅|住宿服务;旅馆招待所;旅馆招待所,1
923,061400|070000,购物服务;个人用品/化妆品店;其它个人用品店|生活服务;生活服务场所;生活服务场所,1
924,170200|130000,公司企业;公司;公司|政府机构及社会团体;政府及社会团体相关;政府及社会团体相关,1
925,141202|141204,科教文化服务;学校;中学|科教文化服务;学校;幼儿园,1
926,100100|050101,住宿服务;宾馆酒店;宾馆酒店|餐饮服务;中餐厅;综合酒楼,1
927,070000|030000,生活服务;生活服务场所;生活服务场所|汽车维修;汽车维修;汽车维修,1
928,071100|060900,生活服务;美容美发店;美容美发店|购物服务;体育用品店;体育用品店,1
929,060703|071300,购物服务;综合市场;农副产品市场|生活服务;摄影冲印店;摄影冲印,1
930,141206|141202,科教文化服务;学校;职业技术学校|科教文化服务;学校;中学,1
931,170000|070000,公司企业;公司企业;公司企业|生活服务;生活服务场所;生活服务场所,1
932,100100|050100|170200,住宿服务;宾馆酒店;宾馆酒店|餐饮服务;中餐厅;中餐厅|公司企业;公司;公司,1
933,010400|070000,汽车服务;汽车养护/装饰;汽车养护|生活服务;生活服务场所;生活服务场所,1
934,050400|071400,餐饮服务;休闲餐饮场所;休闲餐饮场所|生活服务;洗浴推拿场所;洗浴推拿场所,1
935,060305|071200|170200,购物服务;家电电子卖场;手机销售|生活服务;维修站点;维修站点|公司企业;公司;公司,1
936,061203|070000,购物服务;专卖店;钟表店|生活服务;生活服务场所;生活服务场所,1
937,130000,政府机构及社会团体;政府及社会团体相关;政府及社会团体相关,1
938,071600|061100|170200,生活服务;中介机构;中介机构|购物服务;服装鞋帽皮具店;服装鞋帽皮具店|公司企业;公司;公司,1
939,100100|050000,住宿服务;宾馆酒店;宾馆酒店|餐饮服务;餐饮相关场所;餐饮相关,1
940,150000|070000,交通设施服务;交通服务相关;交通服务相关|生活服务;生活服务场所;生活服务场所,1
941,170202|141300,公司企业;公司;建筑公司|科教文化服务;科研机构;科研机构,1
